Effects	Estimate	95\% CI	z value	Pr(>|z|)	Risk Ratio	95\% CI of Risk Ratio
(Intercept)	-7.5	(-8.56, -6.45)	-13.9	<0.001	-	-
age	0.00186	(-0.00982, 0.0135)	0.312	0.7549	1	(0.99, 1.01)
Baseline Bodyweight (kg)	0.00849	(-0.00303, 0.02)	1.44	0.1488	1.01	(0.997, 1.02)
Race Black	0.288	(-0.0735, 0.623)	1.62	0.1045	1.33	(0.929, 1.86)
Race Asian	-0.118	(-0.438, 0.184)	-0.747	0.4551	0.888	(0.645, 1.2)
Race Other	0.237	(-0.127, 0.574)	1.33	0.1839	1.27	(0.881, 1.78)
Sex Female	0.499	(0.271, 0.73)	4.27	<0.001	1.65	(1.31, 2.07)
Geographical Location Non-US	0.0592	(-0.189, 0.299)	0.475	0.6345	1.06	(0.828, 1.35)
